name,genre,artist,song,danceability,energy,liveness,valence
default,--,--,--,0.0,0.0,0.0,0.0
Waterloo,Pop,Abba,Waterloo,-0.610773,1.34764,0.533602,1.24616
DancingQueen,Pop,Abba,Dancing Queen,0.520683,0.233578,0.103909,0.241891
CountryRoads,Country,John Denver,Country Roads,-1.612884,-0.535034,0.22544,0.350232
Surprise,Pop,Rick Astley,Never Gonna Give You Up,0.930107,1.396981,-0.077223,1.77295
ViolinDubstep,Electronic,Lindsey Stirling,Crystallize,-0.616161,0.197537,-0.605528,-1.532756
Pop,Pop,Jennifer Lopez,On The Floor,0.924719,0.789668,-0.674248,0.388683
Starman,Rock,David Bowie,Starman - 2012 Remastered Version,-0.2894412575913503,-0.3884666175588905,1.595408896286666,0.3669092173684101
DnB,Electronic,The Prodigy,Voodoo People (Pendulum Mix),-0.5205648647695157,1.4604028229503192,0.2272191020296537,0.3034352398619
Tycho,Electronic,Tycho,Awake,0.0572441531758981,1.163133618790015,-1.0500976039268732,0.5461298597397324
Arty,Electronic,ARTY,Save Me Tonight,0.0467385346677997,1.2392635369286296,-0.2377188435774459,-0.1632851829800857
Alternative,Alternative,Linkin Park,In the End,0.0047160606354059,1.0725027638630928,-0.5556049818861681,-0.3051681915240493
Metal,Metal,Sabaton,The Last Stand,0.519,0.935,0.0661,0.498
Disco,Electronic,Conrad Sewell,Hold Me Up (Throttle Remix),0.748,0.933,0.297,0.473
Ukraine,Ukraine,Dirk Mündelein,National Anthem of the Ukraine (Solo Guitar),0.0,-1.0,2.0,0.0
Cossack,Ukraine,Folk Music,"Хай живе, вільна Україна",0.5,0.7,0.5,0.5
Bayraktar,Ukraine,Ukrainian Armed Forces,Bayraktar,1.5,1.5,-1.0,1.0
spotify/671,Alternative,Joji,Sanctuary,0.0572441531758981,0.3365802218564859,1.0973283524475748,-0.5067914141917871
spotify/677,Pop,Smash Mouth,All Star,0.9974970096507072,1.101504637439708,-0.909104124168338,1.2256747953976634
spotify/45639,Blues,Jimi Hendrix,All Along the Watchtower,-0.626936,0.888356,-0.883847,0.419445
spotify/552,A Capella,MC6 A Cappella,For the Longest Time,0.420882802804353,-0.9539551389324756,-0.7016476746926037,1.0053490045827476
spotify/553,A Capella,The Singers Unlimited,Clair,-0.275908316531386,-1.2290333638480144,-0.6129804942417518,-0.134605906886378
spotify/556,A Capella,Glad,A Debtor to Mercy Alone,-0.7773867736290767,-1.478775436468701,-0.8025349062283778,-0.7854712523786511
spotify/563,A Capella,Peter Hollens,December Song (A Capella Bonus Track),-1.4952927753689291,-0.5232405499199873,-0.7002799285156532,-0.8908136204352041
spotify/574,A Capella,BYU Noteworthy,Star Wars: A Capella Strikes Back,-1.1785695393072295,-0.5666739538540195,-0.723724877439063,-0.5785487436961366
spotify/603,A Capella,The King's Singers,Sleigh Ride,1.0490505543267237,-0.7910798741798538,-0.3787819335637113,1.5997809386161532
spotify/604,A Capella,Hyannis Sound,A Thousand Miles,-1.168012098105173,-0.2011094707425798,0.3724687815100531,0.3732947962434306
spotify/640,A Capella,The UNCG Spartones,Something's Missing (A Capella) [Bonus Track],-1.3369311573380795,-0.414657040084906,-0.246032157045056,0.079841056657319
spotify/658,A Capella,Tonic Sol-Fa,Cecilia,1.165182407549347,0.9281590315422636,-0.6388356908265878,1.9534303170917235
spotify/685,Alternative,Summer Walker,Girls Need Love (with Drake) - Remix,0.6320316268454863,-0.4689487950024466,-0.2955360290908295,-1.33588512547414
spotify/1108,Alternative,Evanescence,Bring Me To Life,-1.1627333775041446,1.3878292231774405,1.16726709697744,-0.4694441482089924
spotify/2739,Alternative,Rammstein,AUSLÄNDER,0.7639996418711945,1.2683873623588513,1.0366577578464422,0.1287500132550041
spotify/676,Alternative,88-Keys,That's Life (feat. Mac Miller & Sia),-0.0594807718892244,0.7689032171174782,1.4643829109832407,0.3055747024927894
spotify/1138,Alternative,Avenged Sevenfold,Hail to the King,0.2572424641724748,1.1779011041629504,-0.2955360290908295,1.0015867771521565
spotify/1149,Alternative,Bad Wolves,Zombie,-0.4659422581684055,0.957114634164952,-0.4561522896666455,-0.9585337141858452
spotify/3356,Alternative,Breakbot,Baby I'm Yours - feat. Irfane,1.5452502908233865,0.834053323018527,-0.4004328298881782,1.178411466389942
spotify/1451,Alternative,Volbeat,Still Counting,-1.199684421711343,1.2937235146537036,1.2550901829470331,-0.4619196933478101
spotify/1227,Alternative,Trevor Daniel,Falling,1.307707863777112,-0.4761876956581187,-0.8248635589304258,-0.7854712523786511
spotify/1179,Alternative,Tierra Whack,Hungry Hippo,1.888367129890228,0.1753133633523679,-0.6388356908265878,1.2611804698629476
spotify/27734,Anime,KANA-BOON,Silhouette,-0.5292869053807455,1.3480152695712442,0.8876877650631353,-0.2324238200817485
spotify/27732,Anime,TK from Ling tosite sigure,Unravel,-0.1544977427077343,1.1851400048186225,-0.6880330286085999,-0.4205351916113071
spotify/28178,Anime,Official HIGE DANdism,ノーダウト,0.1991765375611631,1.3552541702269163,0.9484974550113818,1.310089426460633
spotify/27749,Anime,Ikimonogakari,Blue Bird,-0.0014148452779127,1.4638376800619972,-1.6508314329474734,1.5245363900043296
spotify/27893,Anime,Mrs. GREEN APPLE,青と夏,-1.1944057011103146,1.1779011041629504,0.7570437627160946,1.1295025097922564
spotify/28145,Anime,Sukima Switch,奏(かなで),-0.0911530954953944,0.3780025817111862,-0.7363060808346351,0.0610299195043631
spotify/27739,Anime,Linked Horizon,Guren no Yumiya,-0.4289912139612072,1.4131653754722926,-1.2144332951655108,-0.4242974190418983
spotify/27738,Anime,Cö Shu Nie,Asphyxia,-1.4952927753689291,1.340776368915572,0.8793658580599006,-0.4167729641807159
spotify/28186,Anime,Motohiro Hata,鱗(うろこ),-0.4976145817745755,0.6747975085937411,-0.6652029046398742,0.1814211972832806
spotify/28120,Anime,GReeeeN,キセキ,0.5528508178300613,0.2042689659750562,-0.0816661195579105,-0.4017240544583512
spotify/45690,Blues,Steppenwolf,Magic Carpet Ride,0.547572097229033,0.3237108267936456,-2.097728385930945,1.3401872459053623
spotify/45693,Blues,Ella Fitzgerald,Dream A Little Dream Of Me - Single Version,-0.4923358611735472,-1.6561285025326669,0.1964155709005033,-0.1910393183452455
spotify/45682,Blues,Mungo Jerry,In the Summertime,1.149346245746262,-0.4074181394292339,-0.0228521076474526,1.987290363967044
spotify/45773,Blues,Traffic,Dear Mr. Fantasy,-1.511128937172014,0.18255226400804,-0.1076897645946349,1.1708870115287595
spotify/46505,Blues,Gary Moore,Still Got The Blues,-1.833130893834742,-0.6209657087715601,-0.4004328298881782,-0.4694441482089924
spotify/46234,Blues,The Blues Brothers,Everybody Needs Somebody to Love,-0.2336785517231593,1.326298567604228,1.069626449212472,1.787892310145712
spotify/45963,Blues,James Gang,Funk #49,0.6161954650424013,1.326298567604228,-0.7195574224370175,1.1106913726393006
spotify/45857,Blues,Frankie Lymon,Why Do Fools Fall in Love,-0.7826654942301051,-0.1070037622188427,-0.7002799285156532,1.5057252528513738
spotify/45920,Blues,The Flamingos,I Only Have Eyes for You,0.0830446843385405,-0.899663384014935,-0.4224416084312167,-0.5334020145290425
spotify/46357,Blues,Little Eva,The Locomotion,0.4895061706177213,0.7978588197401665,0.8152362512591756,1.095642462916936
spotify/104025,Classical,Ludwig van Beethoven,"Sonata No. 14 ""Moonlight"" in C-Sharp Minor"", Op. 27 No. 2: I. Adagio sostenuto",-1.859524496839884,-2.0134768333999187,0.0646211817126998,-1.105260583978901
spotify/104024,Classical,Wolfgang Amadeus Mozart,"Piano Concerto No. 21 in C Major, K. 467 ""Elvira Madigan"": II. Andante",-1.8067372908296,-1.915281146005727,-0.7820273380195389,-1.4491281711349342
spotify/104022,Classical,Johann Sebastian Bach,"Cello Suite No. 1 in G Major, BWV 1007: I. Prélude",-1.4741778929648155,-1.638031250893487,-1.0271164333983216,-0.5183531048066777
spotify/104049,Classical,Frédéric Chopin,Nocturne en mi bémol majeur opus 9 n°2: Ballade en Sol Mineur No.1,-0.7879442148311334,-1.869314126842209,-0.514305671056888,-1.4062387784261947
spotify/104032,Classical,Claude Debussy,Suite bergamasque: Suite bergamasque: III. Clair de lune. Andante très expressif,-1.0202079212763795,-1.9413411883661464,-1.7166332602256895,-1.5247489424898168
spotify/104848,Classical,Andrea Bocelli,Con Te Partirò,-1.5586374225812691,-0.704213066311789,-0.8460469727828688,-0.5371642419596336
spotify/104876,Classical,Howard Shore,"The Breaking of the Fellowship (feat. ""In Dreams"")",-2.139296688694385,-1.5366866417140774,-0.8506304567794508,-1.4984133504756787
spotify/104050,Classical,Franz Schubert,"4 Impromptus, Op.90, D.899: No.4 in A Flat Major: Allegretto",-1.072995127286663,-1.961972055234812,-0.3056615591508309,-1.5262538334620532
spotify/104028,Classical,DragonForce,Through The Fire And Flames,-2.2343136595128947,1.4095459251444564,0.9405481729752276,-1.1504073131459949
spotify/104843,Classical,Erik Satie,Première Gymnopédie,0.2994722289807014,-2.0128977213474646,-0.9392189930639908,-0.4920175127925395
spotify/167303,Comedy,Bo Burnham,From God's Perspective,-1.0466015242815212,-0.3024540799219889,1.99436034149634,-0.3302417332771191
spotify/167305,Comedy,Sarah Silverman,A Place Called Slaughter Race,-0.5504017877848588,-0.613726808115888,-0.751846319462414,-0.439346328764263
spotify/167439,Comedy,Monty Python,Always Look On The Bright Side Of Life,0.7006549946588545,-0.0961454112353346,0.3099455216120588,1.106929145208709
spotify/167307,Comedy,Mike Birbiglia,Don't Tell Anyone,-0.085874374894366,0.9788313361319682,1.5678524847082886,0.4334904351328895
spotify/167304,Comedy,Demetri Martin,People Watching,-0.4764996993704622,1.4131653754722926,1.4643829109832407,-0.4995419676537219
spotify/167309,Comedy,Kevin Hart,Push It On Me - From “What Now?”,0.2572424641724748,0.359905330072006,1.2984452014155026,0.7006085827048627
spotify/167310,Comedy,Daniel Tosh,Buff,0.3047509495817297,1.4204042761279647,2.017642051288006,-0.6349821551550041
spotify/167321,Comedy,Mitch Hedberg,Sandwiches,-0.2389572723241876,1.362493070882588,1.9540087448178585,-1.1278339485624478
spotify/167308,Comedy,Bill Burr,Oddly Racist,0.2361275817683615,1.051220342688689,1.2135273601446577,-0.4619196933478101
spotify/167324,Comedy,John Mulaney,The Salt and Pepper Diner,-0.2970231989354993,1.1055120976062296,2.174864716178893,0.0121209629066778
spotify/212275,Country,Luke Combs,Beautiful Crazy,0.0830446843385405,-0.5775323048375276,-0.764697365145899,-0.2361860475123396
spotify/212448,Country,Lynyrd Skynyrd,Sweet Home Alabama,0.3153083907837864,0.1572161117131877,-0.8613870132631853,1.659976577505612
spotify/212276,Country,Kane Brown,Heaven,0.7428847594670812,-0.0201369543507778,-0.6002387626904392,0.2867635653398335
spotify/212278,Country,Dan + Shay,Tequila,-0.3286955225416693,0.1174021581069913,-0.285486918853857,0.2190434715891923
spotify/212295,Country,Chris Stapleton,Tennessee Whiskey,-0.7615506118259917,-0.6933547153282809,-0.92781769342861,0.252903518464513
spotify/212292,Country,Kacey Musgraves,Rainbow,0.2361275817683615,-1.3195196220439154,-0.5751153610051343,-0.3603395527218485
spotify/212286,Country,Morgan Wallen,Whiskey Glasses,0.4156040822033247,0.4286748863008908,-0.4791097684893486,0.967726730276836
spotify/212832,Country,America,A Horse with No Name,0.6214741856434296,-0.2011094707425798,-0.0816661195579105,1.4530540688230973
spotify/212346,Country,Dolly Parton,Jolene,0.7270485976639962,-0.0889065105796625,-0.3056615591508309,1.3702850653500918
spotify/212308,Country,Brett Young,In Case You Didn't Know,0.3733743173950981,-0.0925259609074986,-0.6388356908265878,-0.0405502211215986
spotify/9037,Dance,Ava Max,Sweet but Psycho,0.9645910247102704,0.5155416941689553,0.0096251313634305,0.6893219004130892
spotify/9048,Dance,DJ Snake,"Taki Taki (with Selena Gomez, Ozuna & Cardi B)",1.6085949380357265,0.8557700249855431,-1.3060100558618808,0.5501194854812156
spotify/9050,Dance,Mark Ronson,Nothing Breaks Like a Heart (feat. Miley Cyrus),0.341701993788928,0.841292223674199,1.140092668355447,-0.7553734329339218
spotify/9034,Dance,benny blanco,Eastside (with Halsey & Khalid),0.1252744491467671,0.4286748863008908,-0.4675815511400982,-0.4732063756395836
spotify/9046,Dance,Bazzi,Beautiful (feat. Camila Cabello),0.5370146560269763,0.5625945484308239,-0.6002387626904392,-0.7365622957809659
spotify/9073,Dance,Camila Cabello,Havana,1.2074121723575737,-0.1395788151693671,-0.2955360290908295,-0.1910393183452455
spotify/9066,Dance,5 Seconds of Summer,Youngblood,0.3153083907837864,1.058459243344361,-0.3787819335637113,-1.1014983565483096
spotify/9129,Dance,Anne-Marie,2002,0.8484591714876473,0.4395332372843989,-0.246032157045056,0.5952662146483096
spotify/9119,Dance,Tiësto,Jackie Chan,1.1123952015390637,0.9860702367876402,-1.3768041789451313,0.9112933188179686
spotify/9072,Dance,Sia,"Thunderclouds (with Sia, Diplo & Labrinth)",0.8167868478814773,0.5589750981029878,0.622336846784747,0.234092381311557
spotify/22217,Electronic,Gaullin,Moonlight,1.4607907612069329,0.7218503628556097,0.9524543696208904,-0.5823109711267278
spotify/22175,Electronic,Daft Punk,Get Lucky (feat. Pharrell Williams & Nile Rodgers) - Radio Edit,1.3604950697873952,0.9028228792474116,-0.651954031286133,1.5696831191714238
spotify/22199,Electronic,Blur,Song 2 - 2012 Remastered Version,0.7270485976639962,0.8231949720350188,-1.041169342589986,1.7803678552845297
spotify/22173,Electronic,New Order,Blue Monday - 2016 Remastered Version,1.355216349186367,0.5119222438411193,-1.0482518102792269,1.5471097545878767
spotify/22228,Electronic,The Prodigy,Breathe,0.7534422006691378,0.9426368328536078,-1.925801193211786,-0.4694441482089924
spotify/22186,Electronic,Boombox Cartel,Moon Love,0.8959676568969022,1.3516347198990804,-0.5876178076629679,-0.868240255851657
spotify/22198,Electronic,Massive Attack,Teardrop,0.4156040822033247,-0.5160016492643151,-0.2656134038561104,-0.8607158009904746
spotify/22171,Electronic,RL Grime,UCLA,-0.0014148452779127,1.148945501540262,-0.8863047142241232,-0.4167729641807159
spotify/22208,Electronic,Valentino Khan,Lick It,1.3921673933935652,1.0186452897381646,-0.5627292178619112,0.7495175393025479
spotify/22424,Electronic,Verbus,Trust in Me,1.0754441573318654,0.1101632574513192,1.3374773316428537,-1.2256518617578185
spotify/40503,Folk,Eagles,Hotel California - Eagles 2013 Remaster,0.2255701405663048,-0.1938705700869077,-1.402035784343159,0.6178395792318567
spotify/40606,Folk,Tom Walker,Leave a Light On,0.2625211847735031,0.2259856679420725,-0.285486918853857,-0.6688422020303246
spotify/40501,Folk,Grouplove,Tongue Tied,0.1252744491467671,1.3552541702269163,-0.031096720900561,-0.2775705492488426
spotify/40527,Folk,Billy Joel,Uptown Girl,0.8695740538917606,1.3805903225217682,1.7227435580047443,1.3025649715994507
spotify/40497,Folk,Vance Joy,Riptide,-0.275908316531386,0.6132668530205284,-0.1164785805717041,0.2453790636033306
spotify/40495,Folk,Hozier,Almost (Sweet Music),-0.5767953907900005,0.4612499392514148,0.2775473104544902,0.9827756399992006
spotify/40509,Folk,Tracy Chapman,Fast Car,0.922361259902044,-0.975671840899492,-0.3056615591508309,-0.9434848044634804
spotify/40622,Folk,John Lennon,Imagine - Remastered,0.0566510813333988,-1.102352602373753,-0.7546914076948581,-1.0375404902282597
spotify/40555,Folk,Boston,More Than a Feeling,-0.8407314208414167,0.4359137869565628,-1.5775192963413929,-0.5898354259879102
spotify/40553,Folk,Vanessa Carlton,A Thousand Miles,0.1252744491467671,0.9534951838371158,-0.031096720900561,-0.6650799745997334
spotify/66741,Hip-Hop,Paulo Londra,Adan y Eva,1.2179696135596303,0.5336389458081355,-1.1865682856916395,1.035446824027477
spotify/66608,Hip-Hop,Meek Mill,Going Bad (feat. Drake),1.861973526885086,-0.2373039740209402,0.5654485493720295,0.3732947962434306
spotify/66613,Hip-Hop,XXXTENTACION,SAD!,1.0754441573318654,0.1861717143358761,-0.3895633753543066,0.106176648671457
spotify/66616,Hip-Hop,Flipp Dinero,Leave Me Alone,1.3499376285853386,0.6567002569545609,0.1394442803262803,1.118215827500483
spotify/66624,Hip-Hop,Drake,God's Plan,1.149346245746262,-0.4074181394292339,1.609503559426931,-0.3302417332771191
spotify/66673,Hip-Hop,Nio Garcia,Te Boté - Remix,1.9358756152994827,0.4105776346617106,-1.3565099553002686,-0.0104524016768692
spotify/66621,Hip-Hop,Metro Boomin,Space Cadet (feat. Gunna),1.925318174097426,-0.3531263845116933,0.4893420764073529,0.7269441747190009
spotify/66620,Hip-Hop,Logic,Keanu Reeves,0.9170825393010156,1.1815205544907863,-0.2755130835574699,1.3966206573642297
spotify/66659,Hip-Hop,Kendrick Lamar,HUMBLE.,1.9622692183046244,0.2151273169585644,-0.7223342759693958,-0.0894591777192839
spotify/66627,Hip-Hop,Future,Fine China,0.6320316268454863,-0.0708092589404823,-0.3574774664817811,0.3996303882575689
spotify/92825,Indie,YUNGBLUD,11 Minutes (with Halsey feat. Travis Barker),-0.3814827285519522,1.051220342688689,-0.5627292178619112,-0.7967579346704246
spotify/92845,Indie,Arctic Monkeys,Do I Wanna Know?,0.0619298019344271,-0.1070037622188427,0.3663469280308771,-0.1496548166087425
spotify/92833,Indie,Dermot Kennedy,Power Over Me,-0.6137464349971988,1.0186452897381646,-0.5876178076629679,0.1738967424220982
spotify/92982,Indie,Charli XCX,1999,1.070165436730837,0.6530808066267249,0.4380144918400728,0.8059509507614157
spotify/92838,Indie,Foster The People,Pumped Up Kicks,1.038493113124667,0.5372583961359716,-0.7251169327526648,1.9571925445223144
spotify/92956,Indie,Radiohead,Creep,-0.1122679778995077,-0.4761876956581187,-0.3261465906809084,-1.282085273216686
spotify/94177,Indie,December Avenue,Kung 'Di Rin Lang Ikaw,-0.180891345712876,-0.2879762786106448,0.1682346081589527,-1.1767429051601332
spotify/92878,Indie,Kings of Leon,Sex on Fire,0.0302574783282571,1.243051210063999,-0.2557867851872352,-0.266283866957069
spotify/93848,Indie,This Band,Kahit Ayaw Mo Na,0.6637039504516562,-0.1178621132023508,-0.6002387626904392,-0.0781724954275104
spotify/92955,Indie,James TW,When You Love Someone,0.7323273182650245,-0.4255153910684141,-1.5080339249673989,-0.3340039607077102
spotify/145461,Jazz,Aretha Franklin,I Say a Little Prayer,0.2836360671776164,-0.7476464702458215,-1.3790783055204563,0.2039945618668276
spotify/145432,Jazz,Etta James,At Last,-1.9281478646532515,-0.8381327284417224,0.8064474352821067,-0.4882552853619483
spotify/145431,Jazz,Leslie Odom Jr.,Alexander Hamilton,0.3839317585971547,-0.4580904440189385,-0.4448202996828935,0.4447771174246626
spotify/145495,Jazz,Jamiroquai,Virtual Insanity - Remastered,0.6637039504516562,1.4023070244887843,-0.2656134038561104,0.2641902007562865
spotify/145445,Jazz,Louis Armstrong,La vie en rose - Single Version,-0.1544977427077343,-1.7505961560891874,-0.5627292178619112,-0.4468707836254454
spotify/145470,Jazz,Oscar D'León,Lloraras,0.9065250980989588,0.5336389458081355,-1.1081658383920174,1.9459058622305407
spotify/145582,Jazz,Buena Vista Social Club,Chan Chan,-0.1597764633087627,-0.4653293446746105,-0.514305671056888,0.7382308570107744
spotify/145467,Jazz,Andy Williams,It's the Most Wonderful Time of the Year,-1.5639161431822974,0.1318799594183355,-0.4561522896666455,1.246131560140583
spotify/145438,Jazz,Miles Davis,Blue in Green,-0.6084677143961704,-1.9742781863494543,-0.6948229504422769,-1.0714005371035802
spotify/145436,Jazz,Duke Ellington,In A Sentimental Mood,-0.3814827285519522,-0.9286189866376232,0.3099455216120588,-0.6124087905714573
spotify/181735,Movie,Loren Allred,Never Enough,-1.368603480944249,-0.606487907460216,-0.7306997534522585,-0.8193312992539716
spotify/181736,Movie,Auli'i Cravalho,How Far I'll Go,0.2097339787632198,-0.8779466820479188,0.0646211817126998,-1.326855779640721
spotify/181738,Movie,Idina Menzel,"Let It Go - From ""Frozen""/Soundtrack Version",0.0249787577272288,-0.2771179276271366,-0.4224416084312167,-0.285095004110025
spotify/181737,Movie,Jason Weaver,"I Just Can't Wait to Be King - From ""The Lion King""/Soundtrack Version",0.468391288213608,-0.1504371661528752,-0.7320991238240273,1.720172216395071
spotify/181740,Movie,Kristen Bell,"Love Is an Open Door - From ""Frozen""/Soundtrack Version",1.0596079955287805,0.273038522203941,0.8793658580599006,0.3469592042292924
spotify/181739,Movie,Donny Osmond,"I'll Make a Man Out of You - From ""Mulan""/Soundtrack",0.6320316268454863,-0.8381327284417224,-1.2104166984961808,0.2792391104786512
spotify/181744,Movie,Jodi Benson,"Part of Your World - From ""The Little Mermaid"" / Soundtrack Version",-0.8935186268517,-1.5330671913862417,0.7104830472035333,-0.3866751447359866
spotify/181745,Movie,Samuel E. Wright,"Under the Sea - From ""The Little Mermaid"" / Soundtrack Version",0.0460936401313421,-0.3893208877900537,-0.7849377234103688,1.5960187111855622
spotify/181752,Movie,Mandy Moore,"When Will My Life Begin? - From ""Tangled"" / Soundtrack Version",0.7217698770629679,-0.5123821989364791,-0.8099362637305783,-0.2248993652205661
spotify/181750,Movie,Nathan Lane,"Hakuna Matata - From ""The Lion King""/Soundtrack",-0.6295825968002838,-0.899663384014935,-0.4675815511400982,1.0655446434722065
spotify/57584,Opera,Giacomo Puccini,"""Nessun dorma!""",-1.9281478646532515,-0.9177606356541153,0.8793658580599006,-1.338894907418613
spotify/57597,Opera,Giuseppe Verdi,La Traviata / Act 1: Libiamo ne'lieti calici,-1.1732908187062012,-1.2109361122088342,1.9409088422391865,-0.6086465631408661
spotify/57594,Opera,Léo Delibes,Flower duet from Lakme - Remasterisé en 1987,-1.6483756727987506,-1.5945978469594542,0.6273899867629813,-1.4923937865867327
spotify/57599,Opera,Georges Bizet,"Bizet: Carmen, WD 31, Act 1 Scene 4: No. 5, Havanaise, ""L'amour est un oiseau rebelle"" (Carmen, Chorus)",-0.9146335092558132,-1.6163145489264703,-0.6758977475695122,-0.8042823895316069
spotify/57586,Opera,Gioachino Rossini,Overture (Sinfonia),-1.041322803680493,-1.5258282907305694,-0.06459536283525,-0.5597376065431807
spotify/57587,Opera,Jules Massenet,Meditation: Méditation from Thaïs,-2.383701452521996,-1.7817234289085773,-0.771890795857512,-1.5375405157538269
spotify/57610,Opera,Katherine Jenkins,"The Flower Duet (From ""Lakmé"")",-1.6430969521977223,-0.986530191883,-0.6388356908265878,-1.3832891910995886
spotify/57609,Opera,Jacques Offenbach,Can Can,-0.5662379495879438,-0.0961454112353346,-1.0323689087941144,1.8104656747292591
spotify/57670,Opera,Pietro Mascagni,Cavalleria rusticana: Act I: Intermezzo sinfonico,-2.347278280374901,-1.6561285025326669,0.5812061390330242,-1.5364118475246495
spotify/57607,Opera,Jean-Philippe Rameau,"Les Boréades, RCT 31, Acte IV, Scène IV: Entrée pour les Muses, les Zéphyres, les Saisons, les Heures et les Arts",-1.9598201882594213,-1.5294477410584055,-0.0561413611894819,-1.525125165232876
spotify/107804,Pop,Ariana Grande,7 rings,0.9962633483164404,-0.8707077813922467,-0.8293745766371223,-0.4732063756395836
spotify/107909,Pop,Daddy Yankee,Con Calma,1.0596079955287805,1.0801759453113773,-1.404353453833788,0.7946642684696421
spotify/107875,Pop,Pedro Capó,Calma - Remix,1.5294141290203012,0.7652837667896422,-0.1889591008955638,1.1896981486817153
spotify/107808,Pop,Halsey,Without Me,1.1387888045442054,-0.2662595766436285,-0.7532681036724463,0.3319102945069277
spotify/107810,Pop,Sam Smith,Dancing With A Stranger (with Normani),1.0807228779328937,-0.1504371661528752,0.3966785536638914,-0.3678640075830309
spotify/107812,Pop,Marshmello,Happier,0.7956719654773645,0.834053323018527,0.017622157121417,0.8510976799285097
spotify/107830,Pop,Lady Gaga,Shallow,0.1886190963591065,-0.6390629604107403,0.4495928325037592,-0.4581574659172189
spotify/107819,Pop,Lauv,i'm so tired...,0.3311445525868714,0.6205057536762005,0.5115342698947107,0.3356725219375189
spotify/107809,Pop,Khalid,Talk,1.9200394534963976,-0.5847712054931997,-0.8414792126044773,-0.4017240544583512
spotify/107807,Pop,Travis Scott,SICKO MODE,1.571643893828528,0.6096474026926925,-0.3787819335637113,0.0045965080454954
spotify/152287,R&B,Mabel,Don't Call Me Up,0.7270485976639962,1.1561844021959342,-0.9740206213380652,-0.7929957072398334
spotify/152265,R&B,H.E.R.,Best Part (feat. Daniel Caesar),-0.3339742431426976,-0.6897352650004449,-0.5504572343437578,-0.1195569971640133
spotify/152262,R&B,Joji,SLOW DANCING IN THE DARK,-0.1122679778995077,-0.2988346295941529,0.1964155709005033,-0.6048843357102749
spotify/152263,R&B,Ella Mai,Trip,-0.3128593607385843,0.1753133633523679,-0.5751153610051343,-0.3264795058465279
spotify/152275,R&B,Tory Lanez,TAlk tO Me (with Rich The Kid feat. Lil Wayne) - Remix,0.8537378920886756,0.35628587974417,-1.2974196984124342,0.0234076451984513
spotify/152292,R&B,Demi Lovato,Sorry Not Sorry,0.8748527744927889,0.2657996215482689,0.7199263547733874,1.6110676209079269
spotify/152290,R&B,Madison Beer,Hurts Like Hell (feat. Offset),0.8854102156948456,-0.0056591530394336,-0.7363060808346351,0.6178395792318567
spotify/152264,R&B,City Girls,Twerk (feat. Cardi B),1.3288227461812252,1.0114063890824925,0.0096251313634305,0.1814211972832806
spotify/152271,R&B,Daniel Caesar,Best Part (feat. H.E.R.),-0.0647594924902527,-0.7150714172952971,-0.6652029046398742,-0.0330257662604163
spotify/152375,R&B,Usher,Yeah! (feat. Lil Jon & Ludacris),1.888367129890228,0.8304338726906909,-1.925801193211786,0.5200216660364861
spotify/86951,Rap,Post Malone,Wow.,1.5663651732274997,-0.0816676099239904,-0.651954031286133,-0.2248993652205661
spotify/86952,Rap,J. Cole,MIDDLE CHILD,1.5874800556316129,-0.7150714172952971,0.6622349864990841,0.0685543743655454
spotify/86957,Rap,21 Savage,a lot,1.5874800556316129,0.269419071876105,0.9720644558342822,-0.6425066100161864
spotify/86956,Rap,Blueface,Thotiana,1.951711777102568,-0.6499213113942485,-0.5024700305825146,-0.202326000637019
spotify/86961,Rap,Kodak Black,ZEZE (feat. Travis Scott & Offset),1.714169350056293,0.1499772110575156,-0.7704489973558528,0.2228056990197835
spotify/86963,Rap,Juice WRLD,Lucid Dreams,-0.133382860303621,0.0160575489275821,0.9642550446723764,-0.8531913461292923
spotify/86958,Rap,Lil Baby,Drip Too Hard (Lil Baby & Gunna),1.8989245710922844,0.3960998333503664,1.609503559426931,-0.3264795058465279
spotify/86967,Rap,Sheck Wes,Mo Bamba,1.017378230720554,0.2296051182699086,0.5441440822900996,-0.6914155666138717
spotify/86969,Rap,A Boogie Wit da Hoodie,Look Back At It,1.3446589079843103,0.092066005812139,-0.1431985565505675,0.3431969767987012
spotify/86966,Rap,Mustard,Pure Water (with Migos),0.7587209212701662,-0.0092786033672696,0.8751853184053016,-1.1579317680071772
spotify/122398,Reggae,Bob Marley & The Wailers,Three Little Birds,1.4291184376007635,-0.2698790269714646,-1.5854685783775473,0.7758531313166862
spotify/122399,Reggae,UB40,Red Red Wine,1.6930544676521797,-0.3386485832003491,0.6523719726140309,1.4982007979901917
spotify/133014,Reggae,Boomdabash,Per Un Milione,1.0807228779328937,0.660319707282397,-0.8784677240527777,1.7051233066727065
spotify/122570,Reggae,Ocean Alley,Confidence,0.2836360671776164,0.0015797476162384,-0.6002387626904392,0.4372526625634806
spotify/122647,Reggae,Dread Mar I,Tu Sin Mi,1.4080035551966503,-0.5196210995921512,-1.5257033890104426,1.2762293795853124
spotify/122441,Reggae,Inner Circle,Sweat (A La La La La Long),1.323544025580197,0.5987890517091843,-0.06459536283525,1.848087949035171
spotify/123182,Reggae,Santaferia,Algún Día Volveras,0.5739657002341746,0.5444972967916437,-1.5854685783775473,0.9112933188179686
spotify/131170,Reggae,Natiruts,Quero Ser Feliz Também - Ao Vivo,1.1546249663472905,-0.041853656317794,1.920059293603097,1.1746492389593506
spotify/134516,Reggae,Jireel,Alla Mina,0.8484591714876473,0.4105776346617106,-1.3060100558618808,0.9037688639567862
spotify/122760,Reggae,Cultura Profética,Ilegal,1.5346928496213297,0.092066005812139,-0.7951744630175102,1.2197959681264448
spotify/138916,Reggaeton,Anuel Aa,Secreto,1.4291184376007635,0.8738672766247234,-0.2557867851872352,0.9827756399992006
spotify/138915,Reggaeton,Bad Bunny,MIA (feat. Drake),1.4819056436110465,-0.0816676099239904,-0.6785849347301816,-1.0789249919647623
spotify/138917,Reggaeton,Ozuna,Baila Baila Baila,1.476626923010018,0.6965142105607574,0.3663469280308771,0.3319102945069277
spotify/138930,Reggaeton,J Balvin,Reggaeton,1.1123952015390637,0.6458419059710528,-0.651954031286133,0.4033926156881601
spotify/138926,Reggaeton,Karol G,Créeme,0.9434761423061572,1.1236093492454098,-0.538297325299487,0.8924821816650127
spotify/138936,Reggaeton,Brytiago,Asesina - Remix,1.5241354084192729,0.4648693895792508,1.2232345777655056,0.2679524281868777
spotify/138972,Reggaeton,Cauty,Ta To Gucci (Remix),1.0226569513215822,0.3128524758101375,-0.625845336216728,0.8661465896508744
spotify/138989,Reggaeton,Kevin Roldan,PPP,1.3182653049791686,0.3200913764658096,-0.4004328298881782,1.0053490045827476
spotify/138957,Reggaeton,Manuel Turizo,Esclavo de Tus Besos,1.418560996398707,0.3960998333503664,0.6961913094262304,0.2905257927704247
spotify/138960,Reggaeton,Nicky Jam,X,0.3100296701827581,0.7652837667896422,0.9405481729752276,1.0015867771521565
spotify/166057,Rock,Panic! At The Disco,High Hopes,0.2255701405663048,1.239431759736163,-1.2594345326514764,0.8887199542344215
spotify/166066,Rock,Imagine Dragons,Bad Liar,-0.8090590972352467,0.273038522203941,1.069626449212472,-1.362220717488278
spotify/166147,Rock,Jason Mraz,I'm Yours,0.7903932448763362,-0.3784625368065456,-0.6002387626904392,1.0279223691662946
spotify/166065,Rock,Toto,Africa,0.7112124358609112,-0.6824963643447728,-1.6397123638542654,1.0805935531945712
spotify/166082,Rock,AC/DC,Highway to Hell,0.1938978169601348,1.2720068126866877,-0.0731033840272932,-0.0856969502886927
spotify/166072,Rock,Twenty One Pilots,Stressed Out,1.0437718337256954,0.273038522203941,-1.3409366691603906,0.7645664490249127
spotify/166141,Rock,Train,"Hey, Soul Sister",0.7217698770629679,1.1742816538351144,-0.9197332679479168,1.3176138813218154
spotify/166239,Rock,Eurythmics,Sweet Dreams (Are Made of This) - Remastered,0.8220655684825056,0.5408778464638077,-0.4224416084312167,1.618592075769109
spotify/166248,Rock,R.E.M.,Losing My Religion,0.7112124358609112,1.0403619917051807,-0.751846319462414,1.445529613961915
spotify/166058,Rock,Queen,Bohemian Rhapsody - Remastered 2011,-0.7351570088208501,-0.5992490068045438,0.647412932296341,-0.8193312992539716
spotify/156563,Ska,Los Fabulosos Cadillacs,Vasos Vacíos - Remasterizado 2008,0.9065250980989588,0.3997192836782025,1.1193415867543142,1.9496680896611325
spotify/156496,Ska,Sublime,Santeria,0.7692783624722228,0.7363281641669538,0.1753359625181164,0.4598260271470273
spotify/156735,Ska,Los Auténticos Decadentes,Amor (Ft. Mon Laferte) - Mtv Unplugged,0.3205871113848147,0.9281590315422636,2.3710709111249564,0.9150555462485592
spotify/156590,Ska,Maldita Vecindad Y Los Hijos Del 5to. Patio,Kumbala,0.9804271865133556,-0.700593615983953,-0.9523697250135984,0.3093369299233806
spotify/156584,Ska,Panteon Rococo,La Dosis Perfecta,0.7270485976639962,0.75804486613397,-2.018155589404472,1.960954771952906
spotify/156736,Ska,Los Pericos,Runaway,0.7376060388660529,0.6132668530205284,1.7727486476803282,1.3815717476418654
spotify/156619,Ska,Los Cafres,Tus Ojos,1.671939585248066,-0.2952151792663168,-2.169935878697628,1.3928584299336384
spotify/156615,Ska,The Jam,Town Called Malice,0.0883234049395688,1.2864846139980315,-1.1401158729048977,1.264942697293539
spotify/156617,Ska,The Stranglers,Golden Brown,0.1358318903488238,-0.6463018610664124,-0.2363484722806905,0.580217304925945
spotify/157890,Ska,Intoxicados,Nunca quise,0.9170825393010156,0.8159560713793467,-0.1342321874069485,1.614829848338518
spotify/191939,Soul,John Legend,All of Me,-0.6031889937951421,-1.0770164500789008,-0.2955360290908295,-0.4280596464724895
spotify/191948,Soul,Rag'n'Bone Man,Human,0.3469807143899564,0.5264000451524635,0.0015797849149715,0.4109170705493424
spotify/191958,Soul,Leona Lewis,Bleeding Love,0.5370146560269763,0.3418080784328258,-0.1613144929593241,-0.826855754115154
spotify/191942,Soul,The Temptations,My Girl,0.2255701405663048,-0.5160016492643151,-0.6907448437744523,0.8586221347896921
spotify/191940,Soul,Marvin Gaye,Ain't No Mountain High Enough - Mono,0.4419976852084664,0.9100617799030832,-0.1889591008955638,1.4568162962536886
spotify/191965,Soul,"Earth, Wind & Fire",September,0.8484591714876473,0.8955839785917395,0.1394442803262803,2.0136259559811824
spotify/191992,Soul,Blackstreet,No Diggity,1.7511203942634912,0.3056135751544654,0.724623011446186,0.8473354524979185
spotify/191953,Soul,Frank Ocean,Nights,-0.3709252873498956,-0.0490925569734661,-0.5024700305825146,-0.0819347228581016
spotify/191973,Soul,Amy Winehouse,Back To Black,-0.2442359929252159,0.5915501510535122,-0.6880330286085999,-0.4130107367501248
spotify/191944,Soul,GASHI,My Year,1.6138736586367546,0.8919645282639036,0.5967794251729022,0.9790134125686094
spotify/197505,Soundtrack,Hans Zimmer,Time,-1.6642118346018355,-1.714401652810827,-0.8521617977029053,-1.522491606031462
spotify/197504,Soundtrack,Max Richter,A Catalogue Of Afternoons,-2.176247732901583,-1.6981141263355648,-0.7546914076948581,-1.1654562228683596
spotify/197517,Soundtrack,Dario Marianelli,A Game of Badminton,-0.8512888620434733,-2.0178563682966004,-0.8941881048443945,-0.3264795058465279
spotify/197503,Soundtrack,Thomas Newman,Nemo Egg (Main Title),-1.790901129026515,-1.9008033446943828,-0.6388356908265878,-1.4547715122808211
spotify/197582,Soundtrack,Thomas Bergersen,Heart of Courage,-0.7034846852146801,0.1065438071234832,-0.5627292178619112,-0.9510092593246628
spotify/197544,Soundtrack,Alexandre Desplat,The Imitation Game,-1.1521759363020878,-0.9177606356541153,-0.5504572343437578,-1.4506330621071706
spotify/197526,Soundtrack,Justin Hurwitz,"Mia & Sebastian’s Theme - From ""La La Land"" Soundtrack",-0.3181380813396126,-1.3376168736830956,-0.4335839394464576,-1.2444629989107745
spotify/197531,Soundtrack,Alan Silvestri,The Avengers,-0.5292869053807455,-0.0056591530394336,0.1610951766507472,-0.8456668912681099
spotify/197523,Soundtrack,Dustin O'Halloran,Home,-1.104667450892833,-1.767245627597233,0.9603330954857549,-1.5288873926634672
spotify/197553,Soundtrack,James Newton Howard,The Hanging Tree,-1.4847353341668723,-1.7248980587615514,0.2643640266569887,-1.2632741360637303
spotify/207149,World,Cory Asbury,Reckless Love,0.1886190963591065,0.446772137940071,-0.7154029704358288,-0.8005201621010157
spotify/207150,World,Elevation Worship,O Come to the Altar (Live),-1.479456613565844,0.0088186482719101,2.0051563529623992,-1.1014983565483096
spotify/207155,World,Aphex Twin,Avril 14th,0.1147170079447104,-1.9388075731366607,-0.7071327526293577,-0.2813327766794338
spotify/207275,World,Manu Chao,Me Gustas Tu,0.6373103474465146,0.6494613562988889,0.3966785536638914,1.742745580978618
spotify/207153,World,Mosaic MSC,Tremble - Live,-1.0941100096907763,0.4359137869565628,0.1894260494111659,-1.0638760822423978
spotify/207160,World,Steffany Gretzinger,King of My Heart (Live),-0.5187294641786888,-0.1178621132023508,-0.5504572343437578,-0.1872770909146543
spotify/207163,World,Harold Budd,Olancha Farewell,-1.7961798496275436,-2.007685712875381,-0.5876178076629679,-1.473958872176836
spotify/207151,World,Hillsong UNITED,Oceans (Where Feet May Fail),-1.447784289959674,-0.7259297682788053,-0.5627292178619112,-1.4626721898850623
spotify/207166,World,Brian McBride,Overture (For Other Halfs),-2.09178820328513,-1.9203483764646967,-0.538297325299487,-1.541302743184418
spotify/207172,World,Bethel Music,Raise a Hallelujah (Live),-0.4448273757642922,1.1018926472783934,-0.2755130835574699,-0.5785487436961366
spotify/1412,Alternative,The Raconteurs,"Steady, As She Goes",-0.0647594924902527,0.0594909528616146,-0.5627292178619112,0.3469592042292924
spotify/167306,Comedy,Bo Burnham,Sad,-0.7559497725199945,0.2798021560447082,2.175170397411244,-0.3334776660937649
spotify/167311,Comedy,Daniel Tosh,Goldenrod,0.4999863733028934,1.365648997796159,1.737056737180244,-0.5441478118702117
spotify/1296,Alternative,Saliva,Click Click Boom,0.3838914354537188,1.35117103990614,0.1748204429063152,0.2007216321250821
spotify/1235,Alternative,Puddle Of Mudd,She Hates Me,0.2308571991979886,0.6743265085477355,2.021744382732656,0.5242507845674823
spotify/10672,Alternative,Miranda!,Perfecta,0.5896960980045284,0.5983172296251338,0.943722835058275,1.483552341228088
spotify/1156,Alternative,Five Finger Death Punch,Bad Company,0.1094852187193066,1.173816055753403,-0.7997333041498009,-1.033203507422677
spotify/27764,Anime,Nightmare,the WORLD,-0.0277178896478996,1.23896686625849,0.915616249918709,1.1600231887856878
spotify/27748,Anime,Yuki Hayashi,You Say Run,-0.9406462645527724,1.3946049135761978,-0.170850707003498,-0.3297156992048998
spotify/28452,Anime,Sheena Ringo,丸ノ内サディスティック,-0.5870844083757408,1.2824007399285482,-0.5629660973761714,0.8063983012323666
spotify/27785,Anime,MADKID,RISE,-0.3496174900478839,1.3403125714886257,1.377300819776386,0.5242507845674823
spotify/27804,Anime,Aimer,Kataomoi,0.4366618617487982,-0.1002442385682995,0.9277346775570114,1.3067398974514275
spotify/45856,Blues,"Bobby ""Blue"" Bland",Ain't No Love In The Heart Of The City - Single Version,-0.1121505717200267,-0.64678714891653,-0.7059422450153637,1.1788330232300135
